{"cameraMode":{"drawMode":0,"name":"Shaded","section":"Shading Mode"},"sceneLighting":true,"audioPlay":false,"sceneViewState":{"m_AlwaysRefresh":false,"showFog":true,"showSkybox":true,"showFlares":true,"showImageEffects":true,"showParticleSystems":true,"showVisualEffectGraphs":true,"m_FxEnabled":true},"in2DMode":false,"pivot":{"x":25.351974487304689,"y":-0.17677021026611329,"z":89.19314575195313},"rotation":{"x":-0.006309619173407555,"y":0.003597382688894868,"z":-0.000022537607947015204,"w":-0.9999741315841675},"size":33.916534423828128,"orthographic":true}