{"cameraMode":{"drawMode":0,"name":"Shaded","section":"Shading Mode"},"sceneLighting":false,"audioPlay":false,"sceneViewState":{"m_AlwaysRefresh":false,"showFog":true,"showSkybox":true,"showFlares":true,"showImageEffects":true,"showParticleSystems":true,"showVisualEffectGraphs":true,"m_FxEnabled":true},"in2DMode":false,"pivot":{"x":1.2348742485046387,"y":1.9244135618209839,"z":-1.7799999713897706},"rotation":{"x":-0.11876702308654785,"y":0.14305232465267182,"z":-0.01729418709874153,"w":-0.9824113249778748},"size":2.1122305393218996,"orthographic":false}