{"cameraMode":{"drawMode":0,"name":"Shaded","section":"Shading Mode"},"sceneLighting":true,"audioPlay":false,"sceneViewState":{"m_AlwaysRefresh":false,"showFog":true,"showSkybox":true,"showFlares":true,"showImageEffects":true,"showParticleSystems":true,"showVisualEffectGraphs":true,"m_FxEnabled":true},"in2DMode":false,"pivot":{"x":5.410475730895996,"y":0.027436494827270509,"z":2.178159713745117},"rotation":{"x":0.16513502597808839,"y":-0.20950043201446534,"z":0.0359203964471817,"w":0.9631044268608093},"size":7.866161823272705,"orthographic":false}