{"cameraMode":{"drawMode":0,"name":"Shaded","section":"Shading Mode"},"sceneLighting":false,"audioPlay":false,"sceneViewState":{"m_AlwaysRefresh":false,"showFog":true,"showSkybox":false,"showFlares":true,"showImageEffects":true,"showParticleSystems":true,"showVisualEffectGraphs":true,"m_FxEnabled":true},"in2DMode":false,"pivot":{"x":0.19943183660507203,"y":0.2090064287185669,"z":-2.4857382774353029},"rotation":{"x":-0.21150794625282288,"y":0.40114039182662966,"z":-0.09574979543685913,"w":-0.8861057758331299},"size":1.2247449159622193,"orthographic":false}